﻿<?xml version="1.0" encoding="utf-8"?>
<helpItems schema="maml" xmlns="http://msh">
  <command:command xmlns:maml="http://schemas.microsoft.com/maml/2004/10" xmlns:command="http://schemas.microsoft.com/maml/dev/command/2004/10" xmlns:dev="http://schemas.microsoft.com/maml/dev/2004/10" xmlns:MSHelp="http://msdn.microsoft.com/mshelp">
    <command:details>
      <command:name>Invoke-ADCheck</command:name>
      <command:verb>Invoke</command:verb>
      <command:noun>ADCheck</command:noun>
      <maml:description>
        <maml:para>Performs various checks against the target Active Directory environment and outputs the results.</maml:para>
      </maml:description>
    </command:details>
    <maml:description>
      <maml:para>The Invoke-ADCheck function runs a series of checks on an Active Directory environment to assess its health, security, and configuration. It can perform multiple checks and output the results in various formats.</maml:para>
    </maml:description>
    <command:syntax>
      <command:syntaxItem>
        <maml:name>Invoke-ADCheck</maml:name>
        <command:parameter required="false" variableLength="true" globbing="false" pipelineInput="False" position="1" aliases="none">
          <maml:name>Server</maml:name>
          <maml:Description>
            <maml:para>Specifies the Active Directory Domain Services instance to connect to. If not specified, the function will use the default server for the current domain.</maml:para>
          </maml:Description>
          <command:parameterValue required="true" variableLength="false">String</command:parameterValue>
          <dev:type>
            <maml:name>String</maml:name>
            <maml:uri />
          </dev:type>
          <dev:defaultValue>None</dev:defaultValue>
        </command:parameter>
        <command:parameter required="false" variableLength="true" globbing="false" pipelineInput="False" position="10" aliases="none">
          <maml:name>OutdatedWinVersions</maml:name>
          <maml:Description>
            <maml:para>Specifies which Windows versions are considered outdated. Default is @("2000", "2003", "2008", "2012", "2016").</maml:para>
          </maml:Description>
          <command:parameterValue required="true" variableLength="false">Object</command:parameterValue>
          <dev:type>
            <maml:name>Object</maml:name>
            <maml:uri />
          </dev:type>
          <dev:defaultValue>@("2000", "2003", "2008", "2012", "2016")</dev:defaultValue>
        </command:parameter>
        <command:parameter required="false" variableLength="true" globbing="false" pipelineInput="False" position="11" aliases="none">
          <maml:name>OutdatedFuncVersions</maml:name>
          <maml:Description>
            <maml:para>Specifies which functional levels are considered outdated. Default is @("2000", "2003", "2008", "2012").</maml:para>
          </maml:Description>
          <command:parameterValue required="true" variableLength="false">Object</command:parameterValue>
          <dev:type>
            <maml:name>Object</maml:name>
            <maml:uri />
          </dev:type>
          <dev:defaultValue>@("2000", "2003", "2008", "2012")</dev:defaultValue>
        </command:parameter>
        <command:parameter required="false" variableLength="true" globbing="false" pipelineInput="False" position="12" aliases="none">
          <maml:name>AbusableKerberosDelegationTypes</maml:name>
          <maml:Description>
            <maml:para>Specifies which Kerberos delegation types are considered abusable. Default is @('Resource-Based Constrained Delegation', 'Unconstrained').</maml:para>
          </maml:Description>
          <command:parameterValue required="true" variableLength="false">Object</command:parameterValue>
          <dev:type>
            <maml:name>Object</maml:name>
            <maml:uri />
          </dev:type>
          <dev:defaultValue>@('Resource-Based Constrained Delegation', 'Unconstrained')</dev:defaultValue>
        </command:parameter>
        <command:parameter required="false" variableLength="true" globbing="false" pipelineInput="False" position="13" aliases="none">
          <maml:name>SecureKerberosEncTypes</maml:name>
          <maml:Description>
            <maml:para>Specifies which Kerberos encryption types are considered secure. Default is @('8', '16', '24').</maml:para>
          </maml:Description>
          <command:parameterValue required="true" variableLength="false">Object</command:parameterValue>
          <dev:type>
            <maml:name>Object</maml:name>
            <maml:uri />
          </dev:type>
          <dev:defaultValue>@('8', '16', '24')</dev:defaultValue>
        </command:parameter>
        <command:parameter required="false" variableLength="true" globbing="false" pipelineInput="False" position="14" aliases="none">
          <maml:name>TombstoneLifetimeThreshold</maml:name>
          <maml:Description>
            <maml:para>Specifies the threshold (in days) for considering the tombstone lifetime as too short. Default is 180 days.</maml:para>
          </maml:Description>
          <command:parameterValue required="true" variableLength="false">Object</command:parameterValue>
          <dev:type>
            <maml:name>Object</maml:name>
            <maml:uri />
          </dev:type>
          <dev:defaultValue>180</dev:defaultValue>
        </command:parameter>
        <command:parameter required="false" variableLength="true" globbing="false" pipelineInput="False" position="2" aliases="none">
          <maml:name>Credential</maml:name>
          <maml:Description>
            <maml:para>Specifies the user account credentials to use when performing the checks. If not provided, the current user's credentials will be used.</maml:para>
          </maml:Description>
          <command:parameterValue required="true" variableLength="false">PSCredential</command:parameterValue>
          <dev:type>
            <maml:name>PSCredential</maml:name>
            <maml:uri />
          </dev:type>
          <dev:defaultValue>[Management.Automation.PSCredential]::Empty</dev:defaultValue>
        </command:parameter>
        <command:parameter required="false" variableLength="true" globbing="false" pipelineInput="False" position="3" aliases="none">
          <maml:name>Checks</maml:name>
          <maml:Description>
            <maml:para>Specifies which checks to perform. Valid options are: 'All', 'ADBackupStatus', 'BuiltInGroupMembership', 'DefaultAdministrator', 'DefaultDomainPasswordPolicy', 'DomainController', 'DomainTrust', 'FunctionalLevel', 'GPO', 'GPOPermission', 'GPPPassword', 'GuestAccount', 'KerberosEncryptionType', 'KerberosDelegation', 'KerberosServiceAccount', 'MachineQuota', 'ProtectedUsersGroup', 'RootACL', 'TombStone', 'UserAccountHealth'. Default is 'All'. Checks related to GPOs are only performed when running on a domain-joined workstation. Note that the '-Credential' parameter is not supported when running GPO checks.</maml:para>
          </maml:Description>
          <command:parameterValue required="true" variableLength="false">String[]</command:parameterValue>
          <dev:type>
            <maml:name>String[]</maml:name>
            <maml:uri />
          </dev:type>
          <dev:defaultValue>All</dev:defaultValue>
        </command:parameter>
        <command:parameter required="false" variableLength="true" globbing="false" pipelineInput="False" position="4" aliases="none">
          <maml:name>OutputTypes</maml:name>
          <maml:Description>
            <maml:para>Specifies the output format(s) for the results. Valid options are: 'All', 'CLI', 'XLSX', 'JSON', 'PSObject', 'TXT'. Default is 'CLI'.</maml:para>
          </maml:Description>
          <command:parameterValue required="true" variableLength="false">String[]</command:parameterValue>
          <dev:type>
            <maml:name>String[]</maml:name>
            <maml:uri />
          </dev:type>
          <dev:defaultValue>CLI</dev:defaultValue>
        </command:parameter>
        <command:parameter required="false" variableLength="true" globbing="false" pipelineInput="False" position="5" aliases="none">
          <maml:name>OutputPath</maml:name>
          <maml:Description>
            <maml:para>Specifies the path where output files will be saved. Default is the user's temp directory.</maml:para>
          </maml:Description>
          <command:parameterValue required="true" variableLength="false">String</command:parameterValue>
          <dev:type>
            <maml:name>String</maml:name>
            <maml:uri />
          </dev:type>
          <dev:defaultValue>$ENV:TEMP</dev:defaultValue>
        </command:parameter>
        <command:parameter required="false" variableLength="true" globbing="false" pipelineInput="False" position="6" aliases="none">
          <maml:name>OutputFolderName</maml:name>
          <maml:Description>
            <maml:para>Specifies the name of the folder where output files will be saved. Default is "Invoke-ADCheck_output_" followed by a Unix timestamp.</maml:para>
          </maml:Description>
          <command:parameterValue required="true" variableLength="false">String</command:parameterValue>
          <dev:type>
            <maml:name>String</maml:name>
            <maml:uri />
          </dev:type>
          <dev:defaultValue>"Invoke-ADCheck_output_$([DateTimeOffset]::Now.ToUnixTimeSeconds())"</dev:defaultValue>
        </command:parameter>
        <command:parameter required="false" variableLength="true" globbing="false" pipelineInput="False" position="7" aliases="none">
          <maml:name>ADBackupThreshold</maml:name>
          <maml:Description>
            <maml:para>Specifies the threshold date for considering AD backups as outdated. Default is 90 days ago.</maml:para>
          </maml:Description>
          <command:parameterValue required="true" variableLength="false">Object</command:parameterValue>
          <dev:type>
            <maml:name>Object</maml:name>
            <maml:uri />
          </dev:type>
          <dev:defaultValue>$((Get-Date) - (New-TimeSpan -Days 90))</dev:defaultValue>
        </command:parameter>
        <command:parameter required="false" variableLength="true" globbing="false" pipelineInput="False" position="8" aliases="none">
          <maml:name>PwdLastSetThreshold</maml:name>
          <maml:Description>
            <maml:para>Specifies the threshold date for considering passwords as outdated. Default is 365 days ago.</maml:para>
          </maml:Description>
          <command:parameterValue required="true" variableLength="false">Object</command:parameterValue>
          <dev:type>
            <maml:name>Object</maml:name>
            <maml:uri />
          </dev:type>
          <dev:defaultValue>$((Get-Date) - (New-TimeSpan -Days 365)).Date</dev:defaultValue>
        </command:parameter>
        <command:parameter required="false" variableLength="true" globbing="false" pipelineInput="False" position="9" aliases="none">
          <maml:name>LastLogonDateThreshold</maml:name>
          <maml:Description>
            <maml:para>Specifies the threshold date for considering user accounts as inactive. Default is 365 days ago.</maml:para>
          </maml:Description>
          <command:parameterValue required="true" variableLength="false">Object</command:parameterValue>
          <dev:type>
            <maml:name>Object</maml:name>
            <maml:uri />
          </dev:type>
          <dev:defaultValue>$((Get-Date) - (New-TimeSpan -Days 365)).Date</dev:defaultValue>
        </command:parameter>
        <command:parameter required="false" variableLength="true" globbing="false" pipelineInput="False" position="named" aliases="wi">
          <maml:name>WhatIf</maml:name>
          <maml:Description>
            <maml:para>Shows what would happen if the cmdlet runs. The cmdlet is not run.</maml:para>
          </maml:Description>
          <dev:type>
            <maml:name>SwitchParameter</maml:name>
            <maml:uri />
          </dev:type>
          <dev:defaultValue>False</dev:defaultValue>
        </command:parameter>
        <command:parameter required="false" variableLength="true" globbing="false" pipelineInput="False" position="named" aliases="cf">
          <maml:name>Confirm</maml:name>
          <maml:Description>
            <maml:para>Prompts you for confirmation before running the cmdlet.</maml:para>
          </maml:Description>
          <dev:type>
            <maml:name>SwitchParameter</maml:name>
            <maml:uri />
          </dev:type>
          <dev:defaultValue>False</dev:defaultValue>
        </command:parameter>
      </command:syntaxItem>
    </command:syntax>
    <command:parameters>
      <command:parameter required="false" variableLength="true" globbing="false" pipelineInput="False" position="1" aliases="none">
        <maml:name>Server</maml:name>
        <maml:Description>
          <maml:para>Specifies the Active Directory Domain Services instance to connect to. If not specified, the function will use the default server for the current domain.</maml:para>
        </maml:Description>
        <command:parameterValue required="true" variableLength="false">String</command:parameterValue>
        <dev:type>
          <maml:name>String</maml:name>
          <maml:uri />
        </dev:type>
        <dev:defaultValue>None</dev:defaultValue>
      </command:parameter>
      <command:parameter required="false" variableLength="true" globbing="false" pipelineInput="False" position="2" aliases="none">
        <maml:name>Credential</maml:name>
        <maml:Description>
          <maml:para>Specifies the user account credentials to use when performing the checks. If not provided, the current user's credentials will be used.</maml:para>
        </maml:Description>
        <command:parameterValue required="true" variableLength="false">PSCredential</command:parameterValue>
        <dev:type>
          <maml:name>PSCredential</maml:name>
          <maml:uri />
        </dev:type>
        <dev:defaultValue>[Management.Automation.PSCredential]::Empty</dev:defaultValue>
      </command:parameter>
      <command:parameter required="false" variableLength="true" globbing="false" pipelineInput="False" position="3" aliases="none">
        <maml:name>Checks</maml:name>
        <maml:Description>
          <maml:para>Specifies which checks to perform. Valid options are: 'All', 'ADBackupStatus', 'BuiltInGroupMembership', 'DefaultAdministrator', 'DefaultDomainPasswordPolicy', 'DomainController', 'DomainTrust', 'FunctionalLevel', 'GPO', 'GPOPermission', 'GPPPassword', 'GuestAccount', 'KerberosEncryptionType', 'KerberosDelegation', 'KerberosServiceAccount', 'MachineQuota', 'ProtectedUsersGroup', 'RootACL', 'TombStone', 'UserAccountHealth'. Default is 'All'. Checks related to GPOs are only performed when running on a domain-joined workstation. Note that the '-Credential' parameter is not supported when running GPO checks.</maml:para>
        </maml:Description>
        <command:parameterValue required="true" variableLength="false">String[]</command:parameterValue>
        <dev:type>
          <maml:name>String[]</maml:name>
          <maml:uri />
        </dev:type>
        <dev:defaultValue>All</dev:defaultValue>
      </command:parameter>
      <command:parameter required="false" variableLength="true" globbing="false" pipelineInput="False" position="4" aliases="none">
        <maml:name>OutputTypes</maml:name>
        <maml:Description>
          <maml:para>Specifies the output format(s) for the results. Valid options are: 'All', 'CLI', 'XLSX', 'JSON', 'PSObject', 'TXT'. Default is 'CLI'.</maml:para>
        </maml:Description>
        <command:parameterValue required="true" variableLength="false">String[]</command:parameterValue>
        <dev:type>
          <maml:name>String[]</maml:name>
          <maml:uri />
        </dev:type>
        <dev:defaultValue>CLI</dev:defaultValue>
      </command:parameter>
      <command:parameter required="false" variableLength="true" globbing="false" pipelineInput="False" position="5" aliases="none">
        <maml:name>OutputPath</maml:name>
        <maml:Description>
          <maml:para>Specifies the path where output files will be saved. Default is the user's temp directory.</maml:para>
        </maml:Description>
        <command:parameterValue required="true" variableLength="false">String</command:parameterValue>
        <dev:type>
          <maml:name>String</maml:name>
          <maml:uri />
        </dev:type>
        <dev:defaultValue>$ENV:TEMP</dev:defaultValue>
      </command:parameter>
      <command:parameter required="false" variableLength="true" globbing="false" pipelineInput="False" position="6" aliases="none">
        <maml:name>OutputFolderName</maml:name>
        <maml:Description>
          <maml:para>Specifies the name of the folder where output files will be saved. Default is "Invoke-ADCheck_output_" followed by a Unix timestamp.</maml:para>
        </maml:Description>
        <command:parameterValue required="true" variableLength="false">String</command:parameterValue>
        <dev:type>
          <maml:name>String</maml:name>
          <maml:uri />
        </dev:type>
        <dev:defaultValue>"Invoke-ADCheck_output_$([DateTimeOffset]::Now.ToUnixTimeSeconds())"</dev:defaultValue>
      </command:parameter>
      <command:parameter required="false" variableLength="true" globbing="false" pipelineInput="False" position="7" aliases="none">
        <maml:name>ADBackupThreshold</maml:name>
        <maml:Description>
          <maml:para>Specifies the threshold date for considering AD backups as outdated. Default is 90 days ago.</maml:para>
        </maml:Description>
        <command:parameterValue required="true" variableLength="false">Object</command:parameterValue>
        <dev:type>
          <maml:name>Object</maml:name>
          <maml:uri />
        </dev:type>
        <dev:defaultValue>$((Get-Date) - (New-TimeSpan -Days 90))</dev:defaultValue>
      </command:parameter>
      <command:parameter required="false" variableLength="true" globbing="false" pipelineInput="False" position="8" aliases="none">
        <maml:name>PwdLastSetThreshold</maml:name>
        <maml:Description>
          <maml:para>Specifies the threshold date for considering passwords as outdated. Default is 365 days ago.</maml:para>
        </maml:Description>
        <command:parameterValue required="true" variableLength="false">Object</command:parameterValue>
        <dev:type>
          <maml:name>Object</maml:name>
          <maml:uri />
        </dev:type>
        <dev:defaultValue>$((Get-Date) - (New-TimeSpan -Days 365)).Date</dev:defaultValue>
      </command:parameter>
      <command:parameter required="false" variableLength="true" globbing="false" pipelineInput="False" position="9" aliases="none">
        <maml:name>LastLogonDateThreshold</maml:name>
        <maml:Description>
          <maml:para>Specifies the threshold date for considering user accounts as inactive. Default is 365 days ago.</maml:para>
        </maml:Description>
        <command:parameterValue required="true" variableLength="false">Object</command:parameterValue>
        <dev:type>
          <maml:name>Object</maml:name>
          <maml:uri />
        </dev:type>
        <dev:defaultValue>$((Get-Date) - (New-TimeSpan -Days 365)).Date</dev:defaultValue>
      </command:parameter>
      <command:parameter required="false" variableLength="true" globbing="false" pipelineInput="False" position="10" aliases="none">
        <maml:name>OutdatedWinVersions</maml:name>
        <maml:Description>
          <maml:para>Specifies which Windows versions are considered outdated. Default is @("2000", "2003", "2008", "2012", "2016").</maml:para>
        </maml:Description>
        <command:parameterValue required="true" variableLength="false">Object</command:parameterValue>
        <dev:type>
          <maml:name>Object</maml:name>
          <maml:uri />
        </dev:type>
        <dev:defaultValue>@("2000", "2003", "2008", "2012", "2016")</dev:defaultValue>
      </command:parameter>
      <command:parameter required="false" variableLength="true" globbing="false" pipelineInput="False" position="11" aliases="none">
        <maml:name>OutdatedFuncVersions</maml:name>
        <maml:Description>
          <maml:para>Specifies which functional levels are considered outdated. Default is @("2000", "2003", "2008", "2012").</maml:para>
        </maml:Description>
        <command:parameterValue required="true" variableLength="false">Object</command:parameterValue>
        <dev:type>
          <maml:name>Object</maml:name>
          <maml:uri />
        </dev:type>
        <dev:defaultValue>@("2000", "2003", "2008", "2012")</dev:defaultValue>
      </command:parameter>
      <command:parameter required="false" variableLength="true" globbing="false" pipelineInput="False" position="12" aliases="none">
        <maml:name>AbusableKerberosDelegationTypes</maml:name>
        <maml:Description>
          <maml:para>Specifies which Kerberos delegation types are considered abusable. Default is @('Resource-Based Constrained Delegation', 'Unconstrained').</maml:para>
        </maml:Description>
        <command:parameterValue required="true" variableLength="false">Object</command:parameterValue>
        <dev:type>
          <maml:name>Object</maml:name>
          <maml:uri />
        </dev:type>
        <dev:defaultValue>@('Resource-Based Constrained Delegation', 'Unconstrained')</dev:defaultValue>
      </command:parameter>
      <command:parameter required="false" variableLength="true" globbing="false" pipelineInput="False" position="13" aliases="none">
        <maml:name>SecureKerberosEncTypes</maml:name>
        <maml:Description>
          <maml:para>Specifies which Kerberos encryption types are considered secure. Default is @('8', '16', '24').</maml:para>
        </maml:Description>
        <command:parameterValue required="true" variableLength="false">Object</command:parameterValue>
        <dev:type>
          <maml:name>Object</maml:name>
          <maml:uri />
        </dev:type>
        <dev:defaultValue>@('8', '16', '24')</dev:defaultValue>
      </command:parameter>
      <command:parameter required="false" variableLength="true" globbing="false" pipelineInput="False" position="14" aliases="none">
        <maml:name>TombstoneLifetimeThreshold</maml:name>
        <maml:Description>
          <maml:para>Specifies the threshold (in days) for considering the tombstone lifetime as too short. Default is 180 days.</maml:para>
        </maml:Description>
        <command:parameterValue required="true" variableLength="false">Object</command:parameterValue>
        <dev:type>
          <maml:name>Object</maml:name>
          <maml:uri />
        </dev:type>
        <dev:defaultValue>180</dev:defaultValue>
      </command:parameter>
      <command:parameter required="false" variableLength="true" globbing="false" pipelineInput="False" position="named" aliases="wi">
        <maml:name>WhatIf</maml:name>
        <maml:Description>
          <maml:para>Shows what would happen if the cmdlet runs. The cmdlet is not run.</maml:para>
        </maml:Description>
        <command:parameterValue required="false" variableLength="false">SwitchParameter</command:parameterValue>
        <dev:type>
          <maml:name>SwitchParameter</maml:name>
          <maml:uri />
        </dev:type>
        <dev:defaultValue>False</dev:defaultValue>
      </command:parameter>
      <command:parameter required="false" variableLength="true" globbing="false" pipelineInput="False" position="named" aliases="cf">
        <maml:name>Confirm</maml:name>
        <maml:Description>
          <maml:para>Prompts you for confirmation before running the cmdlet.</maml:para>
        </maml:Description>
        <command:parameterValue required="false" variableLength="false">SwitchParameter</command:parameterValue>
        <dev:type>
          <maml:name>SwitchParameter</maml:name>
          <maml:uri />
        </dev:type>
        <dev:defaultValue>False</dev:defaultValue>
      </command:parameter>
    </command:parameters>
    <command:inputTypes />
    <command:returnValues />
    <maml:alertSet>
      <maml:alert>
        <maml:para>This function requires the Active Directory module to be installed and may require elevated privileges in some environments. The Group Policy PowerShell Module may be required based on the specific checks you choose to perform.</maml:para>
        <maml:para>Failure to meet the specified requirements may lead to inconsistent or unexpected results, potentially impacting the script's functionality or reliability. This script is provided "as-is" with no support or guarantees.</maml:para>
      </maml:alert>
    </maml:alertSet>
    <command:examples>
      <command:example>
        <maml:title>-------------------------- EXAMPLE 1 --------------------------</maml:title>
        <dev:code>Invoke-ADCheck</dev:code>
        <dev:remarks>
          <maml:para>This example runs all checks and outputs the results only to the console (CLI).</maml:para>
        </dev:remarks>
      </command:example>
      <command:example>
        <maml:title>-------------------------- EXAMPLE 2 --------------------------</maml:title>
        <dev:code>Invoke-ADCheck -Checks ADBackupStatus, DomainController -OutputTypes CLI, JSON -OutputPath C:\Temp</dev:code>
        <dev:remarks>
          <maml:para>This example runs the ADBackupStatus and DomainController checks, outputs the results to the console and a JSON file, and saves the output in C:\Temp.</maml:para>
        </dev:remarks>
      </command:example>
      <command:example>
        <maml:title>-------------------------- EXAMPLE 3 --------------------------</maml:title>
        <dev:code>Invoke-ADCheck -OutputTypes CLI, XLSX -OutputPath C:\Temp</dev:code>
        <dev:remarks>
          <maml:para>This example runs all checks and outputs the results to both the console (CLI) and an Excel file, saving the Excel file in the C:\Temp directory.</maml:para>
        </dev:remarks>
      </command:example>
      <command:example>
        <maml:title>-------------------------- EXAMPLE 4 --------------------------</maml:title>
        <dev:code>Invoke-ADCheck -OutputTypes CLI -Server "dc.domain.tld" -Credential (Get-Credential)</dev:code>
        <dev:remarks>
          <maml:para>This example runs all checks, except for the GPO* checks, against the specified domain controller (dc.domain.tld) using the provided credentials, and outputs the results to the console (CLI).</maml:para>
        </dev:remarks>
      </command:example>
    </command:examples>
    <command:relatedLinks />
  </command:command>
</helpItems>